Strain, DEL, DUP, INV
DL238,2343,485,333
ECA36,3522,586,398
ECA396,3412,519,399
EG4725,1913,452,280
JU1400,1692,417,240
JU2526,2257,442,309
JU2600,1519,385,238
JU310,1366,385,217
MY2147,1279,364,199
MY2693,1251,385,258
NIC2,457,248,150
NIC526,1544,402,257
QX1794,2363,459,311
XZ1516,4007,443,519
