Strain, DEL, DEL-VEP, DUP, DUP-VEP, INV, INV-VEP
DL238,2343,231,485,33,333,
ECA36,3522,329,586,43,398,
ECA396,3412,353,519,38,399,
EG4725,1913,209,452,31,280,
JU1400,1692,164,417,22,240,
JU2526,2257,237,442,27,309,1
JU2600,1519,146,385,30,238,1
JU310,1366,151,385,26,217,
MY2147,1279,143,364,26,199,
MY2693,1251,130,385,18,258,
NIC2,457,44,248,12,150,
NIC526,1544,172,402,31,257,
QX1794,2363,223,459,37,311,
XZ1516,4007,332,443,37,519,1
